City,Cloudiness,Country,Date,Humidity,Lat,Lng,Max Temp,Wind Speed
Stephenville,75,CA,1567657512,82,48.55,-58.59,64.4,12.75
Ushuaia,0,AR,1567657512,56,-54.81,-68.31,41.0,6.93
Sur,88,OM,1567657513,45,22.57,59.53,87.4,4.05
Guiratinga,0,BR,1567657513,25,-16.35,-53.76,77.75,2.93
Bad Salzungen,20,DE,1567657513,87,50.81,10.23,57.99,5.82
Healdsburg,20,US,1567657513,87,38.61,-122.87,78.01,6.93
Rikitea,73,PF,1567657514,73,-23.12,-134.97,72.24,8.21
Padang,49,ID,1567657514,84,-0.92,100.36,80.7,16.82
Hasaki,75,JP,1567657514,78,35.73,140.83,80.6,4.7
Hobart,40,AU,1567657515,50,-42.88,147.33,55.99,8.05
Georgetown,20,GY,1567657515,94,6.8,-58.16,75.2,4.7
Port Alfred,100,ZA,1567657391,90,-33.59,26.89,57.0,3.0
Hermanus,3,ZA,1567657515,62,-34.42,19.24,57.0,11.01
Lavrentiya,100,RU,1567657515,93,65.58,-170.99,45.49,7.27
Kushiro,75,JP,1567657516,77,43.11,144.15,68.0,13.87
Phan Thiet,57,VN,1567657458,65,10.93,108.1,84.73,12.44
Bluff,0,AU,1567657349,11,-23.58,149.07,86.68,4.23
Yellowknife,75,CA,1567657516,71,62.45,-114.38,51.8,4.7
Liwale,65,TZ,1567657517,94,-9.8,37.92,61.71,6.33
Broome,52,GB,1567657517,87,52.47,1.45,53.01,10.29
Fez,20,MA,1567657517,77,34.03,-5.02,66.2,6.93
Navegantes,75,BR,1567657518,76,-26.89,-48.65,57.99,6.93
Upernavik,100,GL,1567657518,88,72.79,-56.15,42.34,15.66
Provideniya,75,RU,1567657519,76,64.42,-173.23,53.6,11.18
Ipixuna,0,BR,1567657519,83,-1.76,-48.8,77.0,8.05
Hilo,75,US,1567657519,69,19.71,-155.08,82.4,4.7
Punta Arenas,75,CL,1567657519,84,-53.16,-70.91,35.6,6.93
Mataura,49,NZ,1567657520,74,-46.19,168.86,52.0,7.0
College,75,US,1567657520,62,64.86,-147.8,59.0,5.82
Puerto Madero,40,AR,1567657520,49,-34.61,-58.36,48.2,9.17
Fortuna,90,US,1567657520,93,40.6,-124.16,62.01,5.82
Faanui,0,PF,1567657521,81,-16.48,-151.75,78.07,22.93
Pevek,83,RU,1567657521,82,69.7,170.27,41.05,6.02
Meiningen,20,DE,1567657521,87,50.57,10.42,59.0,5.82
Talnakh,75,RU,1567657521,100,69.49,88.39,48.2,8.95
Nikolskoye,40,RU,1567657522,87,59.7,30.79,54.0,4.47
Wittlich,75,DE,1567657522,93,49.98,6.89,55.0,9.17
Sharjah,0,AE,1567657522,62,25.36,55.39,89.6,4.7
Maues,42,BR,1567657522,74,-3.38,-57.72,77.5,2.1
Kahului,40,US,1567657523,69,20.89,-156.47,82.4,13.87
Fare,4,PF,1567657523,80,-16.7,-151.02,77.55,22.7
Jamestown,15,AU,1567657523,53,-33.21,138.6,64.25,11.3
Mazkeret Batya,40,IL,1567657533,69,31.85,34.84,77.0,6.93
Cherskiy,0,RU,1567657533,32,68.75,161.3,55.83,4.07
Sabzevar,0,IR,1567657534,43,36.21,57.68,61.08,1.23
Port Elizabeth,75,US,1567657534,94,39.31,-74.98,78.01,8.05
San Patricio,99,PY,1567657534,62,-26.98,-56.83,50.17,9.37
Saldanha,0,PT,1567657534,54,41.42,-6.55,61.78,7.14
Bredasdorp,49,ZA,1567657535,93,-34.53,20.04,37.4,4.56
Alnashi,71,RU,1567657535,86,56.18,52.48,48.5,3.15
Tiksi,4,RU,1567657535,76,71.64,128.87,47.91,12.66
Taltal,0,CL,1567657536,83,-25.41,-70.49,48.93,3.83
Mehamn,40,NO,1567657536,81,71.03,27.85,48.2,9.17
Brigantine,75,US,1567657487,94,39.41,-74.36,77.0,4.32
Saint-Philippe,90,CA,1567657536,67,45.36,-73.48,61.0,3.36
Camocim,7,BR,1567657537,85,-2.9,-40.84,72.19,5.35
Marsa Matruh,0,EG,1567657537,70,31.35,27.25,79.33,9.19
Carutapera,0,BR,1567657537,79,-1.2,-46.02,78.13,7.27
Barranca,0,PE,1567657537,91,-10.75,-77.76,60.42,12.1
Nanning,20,CN,1567657538,55,22.83,108.3,89.6,6.71
Acapulco,40,MX,1567657515,78,16.86,-99.88,82.4,5.82
Avarua,98,CK,1567657538,60,-21.21,-159.78,75.2,16.11
Dikson,100,RU,1567657538,99,73.51,80.55,43.3,19.86
Mar del Plata,0,AR,1567657539,57,-46.43,-67.52,32.37,7.85
Guaymas,0,MX,1567657539,81,27.92,-110.9,84.99,5.99
Vaini,75,IN,1567657539,94,15.34,74.49,77.0,11.41
Tuktoyaktuk,75,CA,1567657539,87,69.44,-133.03,48.2,9.17
Hithadhoo,100,MV,1567657540,78,-0.6,73.08,83.28,14.2
Rudolstadt,20,DE,1567657540,87,50.72,11.34,59.0,5.82
Mayo,75,CA,1567657541,50,63.59,-135.9,57.2,4.7
Jambi,0,ID,1567657541,52,-1.6,103.62,86.61,4.99
Middelburg,9,NL,1567657541,77,51.5,3.61,60.01,18.34
Kuching,75,MY,1567657541,59,1.56,110.34,89.6,9.17
Kayerkan,75,RU,1567657485,100,69.35,87.76,48.2,8.95
Dingle,86,PH,1567657542,63,11.0,122.67,87.45,8.34
Thompson,20,CA,1567657542,86,55.74,-97.86,33.8,3.94
Butaritari,100,KI,1567657542,71,3.07,172.79,84.72,8.43
Bhachau,95,IN,1567657542,84,23.3,70.35,82.95,10.33
Emerald,0,AU,1567657543,8,-23.53,148.16,89.6,5.82
Klaksvik,0,FO,1567657543,86,62.23,-6.59,39.2,4.52
Shakawe,0,BW,1567657543,34,-18.36,21.84,61.78,4.25
Atuona,27,PF,1567657543,75,-9.8,-139.03,78.83,12.28
Cayenne,76,GF,1567657544,94,4.94,-52.33,75.2,1.12
Nsanje,0,MZ,1567657544,94,-16.92,35.26,59.84,3.78
Vanavara,55,RU,1567657554,78,60.35,102.28,50.88,7.11
San Jose,1,HN,1567657554,51,14.25,-87.96,80.6,6.93
Guerrero Negro,0,MX,1567657555,83,27.97,-114.04,73.2,9.8
Naze,98,NG,1567657555,96,5.43,7.07,74.24,3.69
Albany,90,US,1567657555,77,42.65,-73.75,64.0,3.36
Ponta do Sol,100,BR,1567657349,40,-20.63,-46.0,75.43,4.45
Bambanglipuro,15,ID,1567657556,79,-7.95,110.28,74.65,12.64
Swift Current,1,CA,1567657556,72,50.29,-107.8,59.0,10.29
Busselton,0,AU,1567657556,35,-33.64,115.35,60.01,8.32
Port Hedland,0,AU,1567657278,54,-20.31,118.58,80.6,12.75
Turukhansk,76,RU,1567657557,67,65.8,87.96,51.02,8.5
Sai Buri,20,TH,1567657557,70,6.7,101.62,87.8,5.82
Sao Filipe,0,CV,1567657558,88,14.9,-24.5,78.76,11.92
Kavieng,81,PG,1567657558,74,-2.57,150.8,82.84,9.44
Puerto Ayora,67,EC,1567657363,95,-0.74,-90.35,68.0,1.01
Banka,4,IN,1567657559,71,24.88,86.92,86.82,10.54
Pasni,10,PK,1567657559,80,25.26,63.48,80.85,3.27
Pisco,90,PE,1567657394,30,-13.71,-76.2,71.6,12.75
Pitea,0,SE,1567657560,100,65.32,21.48,41.0,2.46
Barrow,4,AR,1567657560,87,-38.31,-60.23,32.57,1.83
Mount Isa,0,AU,1567657560,13,-20.73,139.49,89.6,11.41
Ostrovnoy,0,RU,1567657560,88,68.05,39.51,48.64,15.68
Geraldton,90,CA,1567657560,81,49.72,-86.95,51.8,4.7
Kincardine,33,CA,1567657561,72,44.18,-81.63,64.0,1.01
Vila,40,IT,1567657561,100,45.18,8.4,66.99,5.82
Saint-Francois,90,FR,1567657561,87,46.42,3.91,57.2,9.17
Rio Grande,20,BR,1567657561,93,-32.03,-52.1,37.99,5.59
Abay,20,KZ,1567657562,42,49.63,72.87,64.4,13.42
Itarema,33,BR,1567657562,83,-2.92,-39.92,75.64,9.35
Tasiilaq,100,GL,1567657562,49,65.61,-37.64,46.4,14.99
Baykit,100,RU,1567657562,78,61.68,96.39,48.86,4.7
Carnarvon,100,ZA,1567657563,72,-30.97,22.13,49.02,17.76
Anuppur,62,IN,1567657563,76,23.12,81.7,79.78,1.86
Yatou,75,CM,1567657563,100,3.63,9.81,77.0,3.36
Pangani,20,KE,1567657563,83,-2.37,40.57,77.0,17.09
Bethel,75,US,1567657565,81,60.79,-161.76,55.4,17.22
Urbana,1,US,1567657550,82,40.11,-88.21,64.0,6.93
Suileng,1,CN,1567657565,75,47.25,127.08,76.89,11.45
Half Moon Bay,90,US,1567657566,100,37.46,-122.43,66.0,5.82
Mandurah,40,AU,1567657566,47,-32.55,115.7,57.99,9.17
Cidreira,0,BR,1567657566,72,-30.17,-50.22,47.17,6.17
Chapais,75,CA,1567657576,70,49.78,-74.86,42.8,4.7
Saint-Augustin,75,CA,1567657577,82,45.63,-73.98,61.0,3.36
Sahuaripa,96,MX,1567657577,60,29.05,-109.23,81.44,2.35
Soavinandriana,0,MG,1567657577,76,-19.17,46.74,56.28,5.41
Cape Town,0,ZA,1567657578,71,-33.93,18.42,57.0,28.86
Hetauda,75,NP,1567657578,94,27.43,85.03,73.4,2.24
Vila Franca do Campo,20,PT,1567657578,77,37.72,-25.43,71.01,9.17
Kodiak,1,US,1567657570,88,39.95,-94.76,68.0,3.36
Sernur,54,RU,1567657578,83,56.93,49.15,49.11,2.44
Matranovak,0,HU,1567657579,92,48.04,19.98,50.0,2.06
Monrovia,75,LR,1567657579,94,6.33,-10.8,77.0,7.96
Warmbad,0,DE,1567657579,87,50.67,13.08,60.01,2.24
New Norfolk,40,AU,1567657580,50,-42.78,147.06,55.99,8.05
Mahebourg,40,MU,1567657580,73,-20.41,57.7,75.99,12.75
Caala,14,AO,1567657580,67,-12.85,15.56,54.03,2.28
Elmadag,0,TR,1567657581,58,39.92,33.23,66.2,6.93
Bontang,52,ID,1567657581,52,0.12,117.47,88.89,4.63
Shirokiy,49,RU,1567657581,69,53.87,39.17,54.03,7.27
Chapada dos Guimaraes,0,BR,1567657581,61,-15.46,-55.75,80.6,2.24
Luderitz,0,NA,1567657582,93,-26.65,15.16,53.6,11.41
Saint George,20,GR,1567657582,59,39.45,22.34,66.2,0.89
Cabo San Lucas,5,MX,1567657573,54,22.89,-109.91,84.2,11.41
Beyla,99,GN,1567657582,99,8.69,-8.65,66.23,0.13
Jumla,99,NP,1567657583,85,29.28,82.18,59.61,1.63
Vila Velha,75,BR,1567657583,78,-3.71,-38.6,78.8,13.87
Lermontovka,73,RU,1567657583,67,47.15,134.34,77.82,13.8
Leningradskiy,94,RU,1567657583,91,69.38,178.42,39.21,8.63
Praia da Vitoria,75,PT,1567657584,94,38.73,-27.07,68.0,24.74
Kapaa,75,US,1567657584,70,22.08,-159.32,87.8,18.34
Salinopolis,0,BR,1567657584,77,-0.61,-47.36,80.83,18.21
Kununurra,0,AU,1567657584,33,-15.77,128.74,91.4,8.05
Lodingen,40,NO,1567657584,93,68.41,16.0,48.2,5.82
Lompoc,90,US,1567657347,93,34.64,-120.46,66.0,4.7
Nizhniy Kuranakh,100,RU,1567657525,74,58.84,125.49,53.65,4.85
Suoyarvi,12,RU,1567657585,98,62.08,32.35,48.73,5.73
East London,40,ZA,1567657585,100,-33.02,27.91,55.4,10.29
Payo,18,ID,1567657586,47,-3.75,103.64,82.47,3.96
Banda Aceh,100,ID,1567657586,79,5.56,95.32,82.39,14.65
Charters Towers,0,AU,1567657586,10,-20.07,146.27,85.04,7.31
Ancud,0,CL,1567657586,70,-41.87,-73.83,32.0,4.7
Egvekinot,75,RU,1567657587,77,66.32,-179.17,43.05,8.84
Gorontalo,95,ID,1567657406,58,0.54,123.06,84.55,9.01
Charlestown,1,US,1567657597,83,41.38,-71.64,71.6,9.17
Dudinka,75,RU,1567657597,100,69.41,86.18,48.2,8.95
Dawlatabad,0,AF,1567657598,28,36.41,64.91,70.5,5.06
Khatanga,100,RU,1567657598,46,71.98,102.47,41.93,12.68
Lalganj,75,IN,1567657598,89,26.17,80.97,86.0,9.17
Pochutla,37,MX,1567657599,87,15.74,-96.47,79.0,4.5
Yerofey Pavlovich,0,RU,1567657599,55,53.97,121.97,70.35,1.9
Iqaluit,75,CA,1567657599,93,63.75,-68.52,37.4,3.36
Lebu,75,ET,1567657599,87,8.96,38.73,59.0,4.7
Narsaq,0,GL,1567657600,57,60.91,-46.05,41.0,2.24
Grindavik,90,IS,1567657503,100,63.84,-22.43,50.0,12.75
Volksrust,0,ZA,1567657600,64,-27.36,29.88,38.62,2.06
Albanel,5,CA,1567657600,87,48.88,-72.44,53.01,8.05
Mikuni,75,JP,1567657601,62,36.22,136.15,86.0,5.82
Ambilobe,28,MG,1567657601,73,-13.19,49.05,67.04,4.99
Hervey Bay,0,AU,1567657601,15,-25.3,152.85,89.6,13.87
Pacific Grove,90,US,1567657596,82,36.62,-121.92,72.0,9.17
Buribay,24,RU,1567657601,85,51.96,58.16,45.31,9.13
Galle,100,GN,1567657602,97,10.08,-12.83,70.51,1.59
Scarborough,89,GB,1567657602,71,54.28,-0.41,50.0,10.29
Otjiwarongo,0,NA,1567657602,24,-20.46,16.65,55.4,2.24
Pouebo,0,NC,1567657602,41,-20.4,164.57,74.73,6.67
Saskylakh,90,RU,1567657603,63,71.97,114.09,36.49,4.85
Khandyga,45,RU,1567657603,49,62.65,135.58,53.27,6.46
Cerritos,20,US,1567657603,69,33.86,-118.05,82.99,6.93
Tabuk,100,PH,1567657603,74,17.41,121.44,75.07,8.39
Lagoa,0,PT,1567657604,60,37.14,-8.45,73.99,5.82
Bilibino,0,RU,1567657604,32,68.06,166.44,49.74,4.79
San Felipe,100,CL,1567657604,99,-32.75,-70.73,51.01,4.68
Atar,0,MR,1567657486,30,20.52,-13.05,94.49,6.13
Arlit,8,NE,1567657605,24,18.74,7.39,95.08,6.13
Husavik,100,CA,1567657605,73,50.56,-96.99,64.0,7.0
Quelimane,0,MZ,1567657605,95,-17.88,36.89,60.83,1.66
Saint-Georges,73,CA,1567657392,90,46.12,-70.67,52.0,1.01
Esperance,40,AU,1567657606,58,-33.86,121.89,53.6,16.11
Sambava,59,MG,1567657606,84,-14.27,50.17,60.81,3.53
Airai,40,TL,1567657606,47,-8.93,125.41,82.81,6.33
Omboue,100,GA,1567657607,87,-1.57,9.26,74.6,13.27
Male,100,UA,1567657607,91,50.74,33.7,56.83,8.86
Gazanjyk,0,TM,1567657607,40,39.24,55.52,69.49,8.77
Arraial do Cabo,100,BR,1567657607,94,-22.97,-42.02,69.27,12.17
Talara,0,PE,1567657618,93,-4.58,-81.27,61.91,12.3
Torres,0,BR,1567657618,67,-29.34,-49.73,42.09,3.47
Griffith,33,AU,1567657618,26,-34.29,146.06,80.01,14.99
Filadelfia,97,PY,1567657618,62,-22.35,-60.04,62.0,7.34
Tirau,38,NZ,1567657618,81,-37.98,175.76,64.0,6.31
Djenne,100,ML,1567657619,72,13.91,-4.55,81.91,1.9
Athabasca,54,CA,1567657619,71,54.72,-113.29,57.18,8.37
Cuamba,99,MZ,1567657620,81,-14.8,36.54,58.92,1.86
Cockburn Town,18,TC,1567657340,82,21.46,-71.14,83.85,18.28
Cairo,0,EG,1567657620,73,30.05,31.24,77.0,3.36
Castro,0,CL,1567657620,81,-42.48,-73.76,32.0,4.7
Fort Nelson,20,CA,1567657620,51,58.81,-122.69,59.0,8.05
Tres Arroyos,4,AR,1567657621,87,-38.38,-60.28,32.57,1.83
Haines Junction,0,CA,1567657621,53,60.75,-137.51,51.42,6.49
Christchurch,100,NZ,1567657621,87,-43.53,172.64,52.0,14.99
Chokurdakh,79,RU,1567657621,45,70.62,147.9,50.26,9.86
Kawalu,0,ID,1567657622,41,-7.38,108.21,79.98,6.58
Dinard,75,FR,1567657622,82,48.63,-2.06,59.0,12.75
Koubia,100,GN,1567657622,97,11.59,-11.89,66.18,1.95
Moroleon,75,MX,1567657586,77,20.13,-101.2,66.2,8.05
Tianpeng,54,CN,1567657623,63,28.88,112.34,82.38,6.58
Kaitangata,94,NZ,1567657623,68,-46.28,169.85,50.0,8.99
Raudeberg,75,NO,1567657623,81,61.99,5.14,50.0,18.34
Conde,10,BR,1567657623,97,-11.81,-37.61,66.55,2.62
Seminole,1,US,1567657536,41,32.72,-102.64,75.2,11.43
Porto Novo,75,BR,1567657624,93,-23.68,-45.44,60.8,4.7
Naples,0,IT,1567657624,68,40.84,14.25,73.4,4.7
Marzuq,6,YE,1567657624,43,14.4,46.47,76.27,3.22
Madimba,75,CM,1567657624,100,4.42,9.93,77.0,3.36
Moose Factory,90,CA,1567657625,93,51.26,-80.61,46.4,8.05
Samarai,34,PG,1567657625,61,-10.62,150.67,76.04,9.06
San Policarpo,100,PH,1567657625,65,12.18,125.51,88.21,5.28
Katsuura,75,JP,1567657625,88,33.93,134.5,84.2,2.24
Noshiro,75,JP,1567657626,94,40.21,140.05,75.2,4.7
Haapiti,40,PF,1567657626,69,-17.57,-149.87,80.6,6.93
Kloulklubed,75,PW,1567657626,79,7.04,134.26,84.2,18.34
Rocha,1,UY,1567657476,88,-34.48,-54.34,34.6,3.53
Salalah,75,OM,1567657626,94,17.01,54.1,78.8,3.36
Pakokku,34,MM,1567657627,74,21.33,95.09,83.08,9.42
Bulungu,100,CD,1567657627,79,-4.54,18.6,75.93,2.66
Balsas,0,BR,1567657627,40,-7.53,-46.04,77.26,3.58
Richards Bay,42,ZA,1567657627,74,-28.77,32.06,69.47,12.91
San Jose del Potrero,100,HN,1567657628,87,14.83,-87.28,70.08,1.57
Tual,85,ID,1567657628,85,-5.67,132.75,76.87,17.87
Meulaboh,60,ID,1567657628,84,4.14,96.13,80.54,10.22
Severo-Kurilsk,1,RU,1567657638,93,50.68,156.12,49.9,15.52
Flinders,40,AU,1567657639,59,-34.58,150.85,72.0,10.29
Tazovskiy,100,RU,1567657639,88,67.47,78.7,47.33,8.55
Belyy Yar,75,RU,1567657639,93,53.6,91.39,48.2,2.24
Takoradi,100,GH,1567657639,93,4.89,-1.75,74.08,3.47
Vardo,1,US,1567657640,56,39.62,-77.74,75.99,10.29
Diego de Almagro,0,CL,1567657640,76,-26.39,-70.05,45.96,1.59
Bambous Virieux,40,MU,1567657640,73,-20.34,57.76,75.99,12.75
Mount Gambier,75,AU,1567657641,68,-37.83,140.78,66.2,16.11
Chuy,3,UY,1567657641,73,-33.69,-53.46,43.15,10.83
Arman,100,RU,1567657641,92,59.7,150.17,53.11,6.76
Lumeje,100,AO,1567657641,39,-11.56,20.78,64.54,2.21
Pemba,100,MZ,1567657641,89,-12.97,40.52,69.92,9.82
Varkkallai,75,IN,1567657642,88,8.73,76.71,80.6,5.82
Cubuk,0,TR,1567657642,58,40.24,33.03,66.2,6.93
Shelabolikha,0,RU,1567657642,76,53.41,82.62,53.6,6.71
Mitsamiouli,20,KM,1567657642,78,-11.38,43.28,73.4,6.93
Saint-Pierre,0,FR,1567657643,93,48.95,4.24,53.6,6.93
Fairbanks,75,US,1567657643,62,64.84,-147.72,60.8,5.82
Houma,0,CN,1567657643,33,35.63,111.36,81.87,7.07
San Vicente,40,EC,1567657643,82,-0.59,-80.41,68.0,6.93
Mbini,40,GQ,1567657643,100,1.58,9.62,77.0,6.93
Manching,0,DE,1567657644,93,48.72,11.49,55.0,3.36
Kaduqli,100,SD,1567657644,96,11.01,29.72,68.95,4.03
Bilma,0,NE,1567657644,18,18.69,12.92,92.73,7.36
Logresti,86,RO,1567657645,87,44.9,23.7,62.01,9.17
Cairns,15,AU,1567657553,34,-16.92,145.77,82.4,5.82
Sioux Lookout,75,CA,1567657645,87,50.1,-91.92,57.2,4.7
Awbari,0,LY,1567657645,34,26.59,12.77,76.49,7.2
Krasnoarmeysk,90,RU,1567657646,100,56.12,38.15,61.0,4.47
Aswan,62,EG,1567657468,29,24.09,32.9,80.59,13.85
Turayf,0,SA,1567657646,64,31.68,38.65,69.8,9.17
Luis Correia,0,BR,1567657646,84,-2.88,-41.67,75.0,5.39
Ulladulla,40,AU,1567657646,59,-35.36,150.48,66.2,10.29
Namibe,30,AO,1567657500,86,-15.19,12.15,63.62,4.14
Palmer,20,AU,1567657449,67,-34.85,139.16,62.01,12.75
Bestobe,100,KZ,1567657647,70,52.5,73.1,50.93,11.54
Caucaia,75,BR,1567657647,78,-3.73,-38.66,78.8,13.87
Adrar,0,DZ,1567657647,41,27.87,-0.29,77.0,10.29
De-Kastri,99,RU,1567657648,91,51.48,140.77,65.11,4.76
Briancon,0,FR,1567657648,73,44.9,6.65,66.0,8.37
Olot,20,ES,1567657385,93,42.18,2.49,75.0,2.24
Vao,96,EE,1567657497,96,59.1,26.19,50.77,8.03
Mus,0,FR,1567657658,42,43.74,4.2,71.01,6.93
Mongo,3,CD,1567657659,81,-5.62,14.6,70.39,5.12
Opuwo,0,NA,1567657659,69,-18.06,13.84,52.91,1.23
Kisangani,97,CD,1567657659,92,0.52,25.21,67.87,0.27
Usakos,0,NA,1567657660,30,-22.0,15.59,55.88,4.97
Idritsa,17,RU,1567657660,97,56.33,28.9,51.13,4.18
Constitucion,90,MX,1567657660,77,23.99,-104.67,60.8,3.36
Plover,1,US,1567657661,100,44.46,-89.54,53.6,5.82
Buenaventura,90,CO,1567657661,86,3.89,-77.07,78.31,4.27
Hovd,75,NO,1567657661,100,63.83,10.7,53.01,6.93
Labuhan,29,ID,1567657661,41,-2.54,115.51,91.97,3.06
Birao,100,CF,1567657662,96,10.3,22.78,68.97,4.9
Sitka,0,US,1567657663,56,37.17,-99.65,75.0,11.01
Clyde River,90,CA,1567657663,80,70.47,-68.59,41.0,4.7
Pozo Colorado,100,PY,1567657663,62,-23.49,-58.8,62.65,8.61
Aleksandrov Gay,0,RU,1567657664,66,50.14,48.57,53.74,6.22
Aksarka,10,RU,1567657664,82,66.56,67.8,52.08,11.63
Warrington,11,GB,1567657664,81,53.39,-2.59,55.0,6.93
Bathsheba,20,BB,1567657486,88,13.22,-59.52,80.6,10.29
Codrington,0,AU,1567657390,16,-28.95,153.24,87.8,5.82
Victoria,75,BN,1567657665,74,5.28,115.24,91.4,2.24
Dukat,0,AL,1567657665,58,40.25,19.57,73.99,2.1
Takaka,100,NZ,1567657665,89,-40.86,172.81,57.99,3.0
Qaanaaq,6,GL,1567657666,53,77.48,-69.36,29.19,7.05
Shangqiu,0,CN,1567657666,52,34.42,115.65,81.6,3.24
Isangel,40,VU,1567657666,60,-19.55,169.27,75.2,9.17
Tura,54,RU,1567657502,49,64.27,100.22,43.26,14.81
Sladkovo,58,RU,1567657666,85,55.53,70.34,49.49,6.42
Antofagasta,90,CL,1567657667,76,-23.65,-70.4,57.2,4.7
Torbay,90,CA,1567657667,100,47.66,-52.73,66.0,12.75
Kudahuvadhoo,95,MV,1567657646,76,2.67,72.89,83.13,10.2
Maple Creek,0,CA,1567657667,55,49.91,-109.46,67.78,10.69
Lavumisa,23,ZA,1567657667,85,-27.31,31.88,55.74,3.42
Bud,75,NO,1567657668,81,62.91,6.91,50.0,8.05
Dhanera,45,IN,1567657668,82,24.51,72.02,83.31,2.75
Ribeira Grande,87,PT,1567657668,76,38.52,-28.7,72.15,11.07
La Ronge,40,CA,1567657668,93,55.1,-105.3,51.8,4.7
Freeport,79,BS,1567657669,79,26.54,-78.7,85.47,18.88
Temerloh,38,MY,1567657669,64,3.45,102.42,84.88,2.28
Golden,1,US,1567657669,31,39.76,-105.22,75.2,3.36
Norman Wells,40,CA,1567657670,93,65.28,-126.83,50.0,8.05
Sam Chuk,100,TH,1567657670,87,14.75,100.09,78.67,11.18
Lima,90,PE,1567657503,87,-12.06,-77.04,60.8,10.29
Tandalti,100,SD,1567657670,64,13.01,31.87,80.5,3.13
Okhotsk,0,RU,1567657680,44,59.36,143.24,66.32,12.26
Werda,0,BW,1567657681,27,-25.27,23.28,58.26,6.76
Ambon,0,FR,1567657681,100,47.55,-2.56,57.99,5.82
Lorengau,100,PG,1567657681,84,-2.02,147.27,81.13,10.33
Gao,93,ML,1567657428,43,16.28,-0.04,87.88,10.6
Lamu,0,CN,1567657681,52,35.77,102.37,65.22,0.85
Mujiayingzi,23,CN,1567657682,31,42.12,118.78,77.14,6.82
Jalor,100,IN,1567657682,77,25.35,72.62,84.46,4.88
Sao Felix do Xingu,12,BR,1567657663,59,-6.64,-51.99,76.81,2.17
Pingliang,93,CN,1567657682,84,35.54,106.68,59.53,7.02
Miraflores,40,PE,1567657683,28,-16.39,-71.52,55.4,2.24
Saint Anthony,1,US,1567657683,35,43.97,-111.68,75.2,9.17
Beringovskiy,100,RU,1567657683,90,63.05,179.32,45.42,2.59
Aklavik,75,CA,1567657683,100,68.22,-135.01,51.8,6.93
San Clemente,1,US,1567657465,41,33.43,-117.61,82.99,5.82
Pleasanton,1,US,1567657422,53,37.66,-121.87,77.0,8.05
Uyskoye,65,RU,1567657684,86,54.37,60.01,46.95,2.66
Kalangala,75,UG,1567657684,94,-0.32,32.29,68.0,11.41
Berlevag,40,NO,1567657684,81,70.86,29.09,44.6,9.17
Makakilo City,20,US,1567657685,66,21.35,-158.09,86.0,9.17
Copiapo,0,CL,1567657685,76,-27.37,-70.33,53.6,3.36
The Valley,20,AI,1567657685,74,18.22,-63.06,84.2,10.29
Izumo,75,JP,1567657685,55,35.37,132.75,89.6,5.82
Buraydah,75,SA,1567657686,24,26.33,43.97,89.6,14.99
Maxixe,0,MZ,1567657686,90,-23.86,35.35,59.21,4.72
Morondava,51,MG,1567657686,66,-20.3,44.28,70.21,5.21
Namatanai,100,PG,1567657686,89,-3.66,152.44,76.85,16.6
Zhanakorgan,0,KZ,1567657686,42,43.91,67.25,62.07,7.31
Poum,0,MK,1567657687,81,41.28,20.71,51.8,3.36
Kaka,0,TM,1567657687,32,37.35,59.62,71.92,5.46
Kupino,30,RU,1567657687,72,54.36,77.31,53.45,5.68
Alofi,100,NU,1567657687,100,-19.06,-169.92,71.6,4.7
Newton Abbot,0,GB,1567657688,75,50.53,-3.61,55.0,10.0
Mackenzie,20,CA,1567657688,93,55.34,-123.09,51.8,3.76
Morgan City,1,US,1567657688,100,29.7,-91.21,84.0,2.91
Keansburg,1,US,1567657688,57,40.44,-74.13,77.0,9.17
Dentsville,1,US,1567657689,73,34.06,-80.96,80.6,9.17
Yzeure,90,FR,1567657689,87,46.57,3.36,57.2,9.17
Sturgeon Falls,1,CA,1567657689,72,46.36,-79.93,44.6,6.93
Tefe,20,BR,1567657689,76,-3.35,-64.71,78.49,1.41
Viransehir,0,TR,1567657690,15,37.24,39.76,72.4,5.37
Puerto del Rosario,8,ES,1567657690,83,28.5,-13.86,71.6,6.93
Biltine,100,TD,1567657690,71,14.53,20.93,80.67,16.15
Moerai,53,PF,1567657675,69,-22.43,-151.33,68.59,20.65
Kibaya,75,RW,1567657691,77,-2.2,30.56,62.6,4.7
Te Anau,44,NZ,1567657701,83,-45.41,167.72,44.94,1.92
Talcahuano,75,CL,1567657701,87,-36.72,-73.12,53.6,13.87
Tateyama,75,JP,1567657701,62,36.66,137.31,91.99,10.29
Yarmouth,90,CA,1567657702,93,43.84,-66.12,68.0,20.8
Inongo,7,CD,1567657634,86,-1.93,18.29,71.02,1.5
Hailar,100,CN,1567657702,72,49.2,119.7,70.48,9.1
Deloraine,94,AU,1567657702,37,-41.53,146.66,60.01,8.05
Sabang,100,PH,1567657644,72,13.8,121.11,87.01,3.0
Souillac,0,FR,1567657703,82,45.6,-0.6,55.4,4.7
Mendi,96,ET,1567657684,95,9.8,35.1,61.77,4.09
Novichikha,100,RU,1567657703,54,52.2,81.39,55.81,5.41
Birobidzhan,33,RU,1567657703,63,48.79,132.93,77.1,6.42
Trelew,16,AR,1567657703,74,-43.25,-65.31,34.5,6.13
Mamallapuram,75,IN,1567657623,66,12.63,80.17,87.8,11.41
Key Largo,1,US,1567657597,94,25.09,-80.45,84.99,3.36
Vakhrushi,100,RU,1567657704,90,57.97,54.45,50.3,3.76
Kanturk,20,IE,1567657704,87,52.18,-8.91,50.0,8.05
Nokha,83,IN,1567657625,51,27.56,73.47,93.18,7.81
Oum Hadjer,80,TD,1567657705,78,13.3,19.7,78.69,13.22
San Quintin,100,PH,1567657434,80,17.54,120.52,82.23,18.7
Corpus Christi,1,US,1567657456,79,27.8,-97.4,86.0,13.87
Los Llanos de Aridane,2,ES,1567657705,56,28.66,-17.92,71.6,8.05
Baraboo,1,US,1567657706,93,43.47,-89.74,55.4,4.7
Lieksa,75,FI,1567657706,95,63.32,30.02,52.89,6.42
Sao Jose da Coroa Grande,58,BR,1567657706,95,-8.9,-35.15,69.65,3.33
Kroya,0,ID,1567657706,27,-6.5,108.06,91.45,6.33
Sohag,0,EG,1567657707,41,26.55,31.7,78.8,9.17
Kattivakkam,75,IN,1567657707,66,13.22,80.32,87.8,11.41
Oranjemund,8,ZA,1567657707,89,-28.55,16.43,55.86,22.55
Presidencia Roque Saenz Pena,100,AR,1567657707,47,-26.79,-60.44,56.94,7.92
Wattegama,93,LK,1567657708,65,7.35,80.68,79.98,7.49
Vilyuysk,100,RU,1567657708,84,63.75,121.63,52.62,5.44
Umm Kaddadah,100,SD,1567657708,74,13.6,26.69,75.09,21.56
Halden,63,SE,1567657504,93,59.12,11.39,51.01,8.05
Taldan,18,RU,1567657708,46,53.69,124.82,69.87,4.16
Nanortalik,0,GL,1567657709,90,60.14,-45.24,40.99,1.83
Belaya Gora,100,RU,1567657709,41,68.54,146.19,53.31,9.8
Bonavista,57,CA,1567657709,76,48.65,-53.11,57.99,1.99
Anadyr,75,RU,1567657710,76,64.73,177.51,48.2,6.71
Sarankhola,100,BD,1567657710,79,22.31,89.79,86.12,9.57
Lillooet,1,CA,1567657710,44,50.69,-121.94,77.0,16.11
Coahuayana,94,MX,1567657711,92,18.62,-100.35,72.28,2.89
Moussoro,17,TD,1567657722,69,13.64,16.49,81.55,11.25
Ngunguru,42,NZ,1567657722,88,-35.62,174.5,55.99,14.0
Kelvington,47,CA,1567657723,92,52.16,-103.52,55.92,10.87
Bouna,100,CI,1567657723,96,9.27,-3.0,72.78,3.87
Sistranda,75,NO,1567657723,93,63.73,8.83,53.01,3.36
Ngaoundere,100,CM,1567657690,97,7.32,13.58,64.88,3.76
Prachuap Khiri Khan,100,TH,1567657724,97,11.81,99.79,72.42,9.17
Belle Fourche,1,US,1567657724,68,44.67,-103.85,75.99,6.6
Tuatapere,0,NZ,1567657724,74,-46.13,167.69,52.0,7.0
Luangwa,0,MZ,1567657724,60,-15.62,30.4,59.1,3.33
Broken Hill,0,AU,1567657724,7,-31.97,141.45,84.2,21.92
Vermilion,40,CA,1567657725,77,53.35,-110.85,59.0,6.93
Faro,0,PT,1567657725,60,37.02,-7.94,73.99,5.82
Nukus,0,UZ,1567657725,45,42.46,59.61,62.6,4.7
Lawrenceburg,1,US,1567657725,100,35.24,-87.33,80.01,8.32
Bracebridge,1,CA,1567657726,100,45.04,-79.31,62.01,2.62
Trairi,84,BR,1567657726,86,-3.28,-39.27,73.77,6.58
Cabedelo,75,BR,1567657726,100,-6.97,-34.84,71.6,4.7
Ilebo,34,CD,1567657727,90,-4.33,20.59,71.07,1.83
Fort Frances,1,CA,1567657702,81,48.61,-93.4,55.99,4.65
Burnie,98,AU,1567657727,51,-41.05,145.91,54.0,5.99
Qostanay,0,KZ,1567657705,81,53.17,63.58,51.8,11.18
Bridlington,34,GB,1567657727,71,54.08,-0.19,51.01,10.29
Alice Springs,0,AU,1567657456,5,-23.7,133.88,91.4,16.11
Kruisfontein,100,ZA,1567657728,89,-34.0,24.73,53.2,6.6
Imeni Babushkina,93,RU,1567657728,88,59.76,43.13,48.68,5.19
Zuwarah,22,LY,1567657728,71,32.93,12.08,76.2,2.89
Mayahi,10,NE,1567657728,68,13.95,7.67,82.63,14.79
Louis Trichardt,0,ZA,1567657729,39,-23.04,29.91,54.8,3.44
Banjar,74,ID,1567657729,51,-7.37,108.54,81.71,4.83
Impfondo,99,CD,1567657729,97,1.62,18.06,69.7,1.43
Deputatskiy,2,RU,1567657730,39,69.3,139.9,49.31,7.78
Port Hardy,20,CA,1567657730,93,50.7,-127.42,57.2,2.24
Ayan,0,IR,1567657516,67,38.23,44.7,60.8,3.0
Luanda,75,AO,1567657730,94,-8.83,13.24,69.8,4.7
Yaring,20,TH,1567657714,70,6.87,101.37,87.8,5.82
Fukue,75,JP,1567657731,78,35.03,136.69,90.0,13.87
Buckeye,1,US,1567657731,24,33.37,-112.58,100.4,10.29
Gat,20,SN,1567657658,94,14.69,-16.54,78.8,3.36
Lata,34,IN,1567657731,84,30.78,78.62,48.45,4.18
Sinazongwe,0,ZM,1567657731,49,-17.26,27.46,57.25,1.16
Wanning,20,AT,1567657732,93,48.64,13.53,55.0,1.12
Igarka,74,RU,1567657732,71,67.47,86.57,51.83,5.75
Valdivia,0,CL,1567657742,93,-39.81,-73.25,37.4,3.36
Hamilton,20,CA,1567657598,87,43.26,-79.87,63.0,5.82
Brezno,20,SK,1567657743,100,48.81,19.64,51.01,2.89
Zomin,0,UZ,1567657743,29,39.96,68.4,69.81,1.92
Revda,57,RU,1567657743,93,67.94,34.55,46.05,4.38
Mozarlandia,0,BR,1567657744,24,-14.74,-50.57,78.47,3.42
Singaraja,62,ID,1567657744,66,-8.11,115.08,78.02,5.35
Lazaro Cardenas,100,MX,1567657744,52,28.39,-105.62,75.99,7.0
Matadi,40,CD,1567657696,87,-5.83,13.46,70.71,3.51
Taoudenni,1,ML,1567657731,23,22.68,-3.98,96.92,11.83
Coihaique,0,CL,1567657745,43,-45.58,-72.07,35.6,5.82
Waverley,20,AU,1567657745,56,-33.9,151.26,77.0,10.29
Mezen,100,RU,1567657745,95,65.85,44.24,50.62,4.47
Nara,75,JP,1567657746,55,34.68,135.8,93.2,5.82
Atambua,68,ID,1567657746,70,-9.11,124.89,76.0,8.39
Oume,90,CI,1567657746,100,6.38,-5.42,75.2,6.93
Huarmey,0,PE,1567657746,92,-10.07,-78.15,60.2,11.48
Carquefou,0,FR,1567657747,93,47.3,-1.49,55.99,5.82
Daru,100,PG,1567657747,66,-9.07,143.21,77.8,10.09
Dawei,100,MM,1567657747,86,14.07,98.19,79.41,18.75
Vostok,78,RU,1567657747,51,46.45,135.83,76.65,8.32
Agirish,8,RU,1567657748,92,61.92,63.02,48.79,2.42
Yarada,90,IN,1567657748,94,17.65,83.27,78.8,6.93
Mogadishu,40,SO,1567657748,74,2.04,45.34,78.8,10.29
Sinnamary,98,GF,1567657748,82,5.38,-52.96,81.13,21.05
North Bend,75,US,1567657749,93,43.41,-124.22,63.0,20.8
Mount Pleasant,1,US,1567657749,78,33.16,-94.97,78.8,1.57
Ruwi,40,OM,1567657749,94,23.6,58.55,86.0,3.36
Daryapur,100,IN,1567657749,90,20.92,77.32,78.18,7.54
Pandan,63,PH,1567657750,77,11.72,122.09,83.64,15.93
Floresta,0,BR,1567657750,80,-8.6,-38.57,70.46,19.66
Carballo,40,ES,1567657750,77,43.21,-8.69,63.0,4.7
Bongor,36,TD,1567657751,91,10.28,15.37,74.22,6.78
Diosjeno,0,HU,1567657751,100,47.94,19.04,57.0,4.7
Dayong,40,CN,1567657751,62,25.02,118.29,89.6,11.18
Ginir,20,ET,1567657751,86,7.14,40.71,57.09,6.49
Tautira,40,PF,1567657752,74,-17.73,-149.15,80.6,8.05
Abu Samrah,0,SY,1567657752,90,35.3,37.18,66.28,8.28
Jalu,0,LY,1567657752,86,29.03,21.55,73.23,9.48
Morro Bay,1,US,1567657752,93,35.37,-120.85,80.01,4.7
Samur,0,AZ,1567657753,60,41.64,48.43,60.06,4.12
Bonthe,87,SL,1567657697,92,7.53,-12.5,76.11,8.79
Zhangjiakou,0,CN,1567657763,38,40.77,114.88,73.2,1.95
Querfurt,75,DE,1567657764,87,51.38,11.6,60.01,4.7
Boyolangu,3,ID,1567657764,45,-8.09,111.9,82.5,7.94
Turbat,0,PK,1567657764,78,26.0,63.05,79.95,1.79
Katima Mulilo,0,NA,1567657764,37,-17.5,24.28,66.2,3.36
Kargopol,14,RU,1567657765,98,61.51,38.95,46.56,3.0
Dunedin,100,NZ,1567657537,80,-45.87,170.5,50.0,21.0
Mananjary,0,MG,1567657765,76,-19.16,46.8,56.28,5.41
Sukhobezvodnoye,30,RU,1567657765,91,57.05,44.89,47.62,4.41
Marienburg,20,DE,1567657689,93,52.12,9.98,57.2,3.36
Tupik,53,RU,1567657766,67,54.43,119.94,64.41,0.85
Darnah,0,LY,1567657766,64,32.77,22.64,78.61,9.82
Batsfjord,0,NO,1567657766,81,70.63,29.72,48.2,6.93
Ozieri,0,IT,1567657766,77,40.59,9.0,69.8,11.41
Belmonte,0,PT,1567657767,49,40.36,-7.35,72.0,10.04
Ilulissat,100,GL,1567657767,93,69.22,-51.1,37.4,3.65
La Palma,88,CO,1567657767,95,5.36,-74.39,69.87,2.73
Pangnirtung,39,CA,1567657663,72,66.15,-65.72,35.18,3.74
Gaogou,99,CN,1567657768,81,31.12,117.94,78.36,6.4
Karakol,63,KG,1567657768,75,42.49,78.39,55.65,15.55
Tiznit,0,MA,1567657768,87,29.7,-9.73,66.19,1.63
Noumea,40,NC,1567657605,53,-22.28,166.46,71.6,8.05
Krivosheino,34,RU,1567657769,86,57.34,83.93,50.39,5.39
Tigil,100,RU,1567657769,63,57.8,158.67,59.61,14.03
Kavaratti,100,IN,1567657769,79,10.57,72.64,82.66,18.5
Eston,20,CA,1567657769,87,51.15,-108.75,55.4,5.82
Gaoua,100,BF,1567657770,93,10.33,-3.18,73.75,2.08
Kaeo,100,NZ,1567657770,100,-35.1,173.78,55.99,16.64
Roald,75,NO,1567657770,76,62.58,6.12,50.0,11.41
Sao Joao da Barra,93,BR,1567657771,84,-21.64,-41.05,72.15,7.67
Pointe Michel,99,DM,1567657771,77,15.25,-61.38,80.83,6.08
Jefferson City,1,US,1567657669,73,38.58,-92.17,70.0,8.05
Osypenko,75,UA,1567657771,82,48.04,34.39,63.0,2.24
Kenora,75,CA,1567657772,82,49.76,-94.48,60.8,6.93
Silver City,1,US,1567657772,35,32.77,-108.28,73.99,8.05
Balaipungut,25,ID,1567657772,61,1.11,101.31,86.7,4.76
Riposto,75,IT,1567657772,93,37.73,15.2,75.2,3.36
Verkhoyansk,100,RU,1567657773,75,67.55,133.39,45.69,5.86
Pokaran,83,IN,1567657773,59,26.93,71.92,91.92,8.9
Salyan,20,AZ,1567657773,66,39.59,48.98,68.55,5.64
Gallup,1,US,1567657773,28,35.53,-108.74,70.0,8.7
